<?xml version="1.0" encoding="utf-8"?>
<prefix name="mistoftime" label="Mist of Time" language_tag="en" language_label="English"><key name="admin_general_settings"><value>General</value></key><key name="admin_mainmenu_settings"><value>Settings</value></key><key name="admin_mainmenu_status"><value>Status</value></key><key name="admin_settings_heading"><value>Mist of Time - Settings</value></key><key name="admin_settings_settingsform_cdnurl"><value>CDN URL</value></key><key name="admin_settings_settingsform_settingssave"><value>Save</value></key><key name="admin_settings_title"><value>Mist of Time - Admin - Settings</value></key><key name="admin_status_heading"><value>Mist of Time - Status</value></key><key name="admin_status_title"><value>Mist of Time - Admin - Status</value></key><key name="menuitem_play"><value>Play</value></key><key name="play_android_content"><value>Click the download button below to start downloading Mist of time for Android.</value></key><key name="play_android_heading"><value>Mist of Time - Android</value></key><key name="play_android_title"><value>Mist of Time - Play - Android</value></key><key name="play_download_button"><value>Download</value></key><key name="play_mainmenu_android"><value>Android</value></key><key name="play_mainmenu_webgl"><value>WebGL</value></key><key name="play_mainmenu_windows"><value>Windows</value></key><key name="play_play_button"><value>Play</value></key><key name="play_webgl_content"><value>Click the play button below to open a popout window to play Mist of Time.</value></key><key name="play_webgl_heading"><value>Mist of Time - WebGL</value></key><key name="play_webgl_title"><value>Mist of Time - Play - WebGL</value></key><key name="play_windows_content"><value>Click the download button below to start downloading Mist of time for Windows.</value></key><key name="play_windows_heading"><value>Mist of Time - Windows</value></key><key name="play_windows_title"><value>Mist of Time - Play - Windows</value></key></prefix>
