<?xml version="1.0" encoding="utf-8"?>
<prefix name="mistoftime" label="Mist of Time" language_tag="ru-Ru" language_label="Russian"><key name="admin_general_settings"><value></value></key><key name="admin_mainmenu_settings"><value></value></key><key name="admin_mainmenu_status"><value></value></key><key name="admin_settings_heading"><value></value></key><key name="admin_settings_settingsform_cdnurl"><value></value></key><key name="admin_settings_settingsform_settingssave"><value></value></key><key name="admin_settings_title"><value></value></key><key name="admin_status_heading"><value></value></key><key name="admin_status_title"><value></value></key><key name="menuitem_play"><value></value></key><key name="play_android_content"><value></value></key><key name="play_android_heading"><value></value></key><key name="play_android_title"><value></value></key><key name="play_download_button"><value></value></key><key name="play_mainmenu_android"><value></value></key><key name="play_mainmenu_webgl"><value></value></key><key name="play_mainmenu_windows"><value></value></key><key name="play_play_button"><value></value></key><key name="play_webgl_content"><value></value></key><key name="play_webgl_heading"><value></value></key><key name="play_webgl_title"><value></value></key><key name="play_windows_content"><value></value></key><key name="play_windows_heading"><value></value></key><key name="play_windows_title"><value></value></key></prefix>
